﻿<?xml version="1.0" encoding="utf-8"?>
<VarXML>
	<Var name="Global" type="list">
		<Var name="Field Configuration" type="list">
			<Var name="Reset SSL 2009" type="trigger">
			</Var>
			<Var name="Line Width" type="int" minval="" maxval="">
				10
			</Var>
			<Var name="Field Length" type="int" minval="" maxval="">
				6050
			</Var>
			<Var name="Field Height" type="int" minval="" maxval="">
				4050
			</Var>
			<Var name="Boundary Width" type="int" minval="" maxval="">
				250
			</Var>
			<Var name="Referee Width" type="int" minval="" maxval="">
				425
			</Var>
			<Var name="Goal Width" type="int" minval="" maxval="">
				700
			</Var>
			<Var name="Goal Depth" type="int" minval="" maxval="">
				180
			</Var>
			<Var name="Goal Wall Width" type="int" minval="" maxval="">
				20
			</Var>
			<Var name="Center Radius" type="int" minval="" maxval="">
				500
			</Var>
			<Var name="Defense Radius" type="int" minval="" maxval="">
				500
			</Var>
			<Var name="Defense Stretch" type="int" minval="" maxval="">
				350
			</Var>
			<Var name="Freekick Defense Dist" type="int" minval="" maxval="">
				200
			</Var>
			<Var name="Penalty Spot Dist" type="int" minval="" maxval="">
				450
			</Var>
			<Var name="Penalty Line From Spot Dist" type="int" minval="" maxval="">
				400
			</Var>
			<Var name="Total Playable Length" type="int" minval="" maxval="">
				6550
			</Var>
			<Var name="Total Playable Width" type="int" minval="" maxval="">
				4550
			</Var>
			<Var name="Total Surface Length" type="int" minval="" maxval="">
				7400
			</Var>
			<Var name="Total Surface Width" type="int" minval="" maxval="">
				5400
			</Var>
			<Var name="Half Field Length" type="int" minval="" maxval="">
				3025
			</Var>
			<Var name="Half Field Width" type="int" minval="" maxval="">
				2025
			</Var>
			<Var name="Half Line Width" type="int" minval="" maxval="">
				5
			</Var>
			<Var name="Half Goal Width" type="int" minval="" maxval="">
				350
			</Var>
			<Var name="Half Defense Stretch" type="int" minval="" maxval="">
				175
			</Var>
			<Var name="Half Total Playable Length" type="int" minval="" maxval="">
				3275
			</Var>
			<Var name="Half Total Playable Width" type="int" minval="" maxval="">
				2275
			</Var>
			<Var name="Half Total Surface Length" type="int" minval="" maxval="">
				3700
			</Var>
			<Var name="Half Total Surface Width" type="int" minval="" maxval="">
				2700
			</Var>
		</Var>
		<Var name="Ball Detection" type="list">
			<Var name="Max Ball Count" type="int" minval="" maxval="">
				1
			</Var>
			<Var name="Ball Color" type="string">
				Orange
			</Var>
			<Var name="Ball Properties" type="list">
				<Var name="Ball Z-Height" type="double" minval="" maxval="">
					30.000000
				</Var>
				<Var name="Min Width (pixels)" type="int" minval="" maxval="">
					3
				</Var>
				<Var name="Max Width (pixels)" type="int" minval="" maxval="">
					20
				</Var>
				<Var name="Min Height (pixels)" type="int" minval="" maxval="">
					3
				</Var>
				<Var name="Max Height (pixels)" type="int" minval="" maxval="">
					20
				</Var>
				<Var name="Min Area (sq-pixels)" type="int" minval="" maxval="">
					14
				</Var>
				<Var name="Max Area (sq-pixels)" type="int" minval="" maxval="">
					100
				</Var>
			</Var>
			<Var name="Gaussian Size Filter" type="list">
				<Var name="Enable Filter" type="bool">
					true
				</Var>
				<Var name="Expected Min Area (sq-pixels)" type="int" minval="" maxval="">
					30
				</Var>
				<Var name="Expected Max Area (sq-pixels)" type="int" minval="" maxval="">
					40
				</Var>
				<Var name="Expected Area StdDev (sq-pixels)" type="double" minval="" maxval="">
					10.000000
				</Var>
			</Var>
			<Var name="Near Robot Filter" type="list">
				<Var name="Enable Filter" type="bool">
					true
				</Var>
				<Var name="Distance (mm)" type="double" minval="" maxval="">
					70.000000
				</Var>
			</Var>
			<Var name="Histogram Filter" type="list">
				<Var name="Enable Filter" type="bool">
					true
				</Var>
				<Var name="Min Greenness" type="double" minval="" maxval="">
					0.500000
				</Var>
				<Var name="Max Markeryness" type="double" minval="" maxval="">
					2.000000
				</Var>
			</Var>
			<Var name="Geometry Filters" type="list">
				<Var name="Ball-In-Field Filter" type="bool">
					true
				</Var>
				<Var name="Ball-In-Field Extra Space (mm)" type="double" minval="" maxval="">
					30.000000
				</Var>
				<Var name="Ball-In-Goal Filter" type="bool">
					true
				</Var>
			</Var>
		</Var>
		<Var name="Team Config" type="list">
			<Var name="Teams" type="external" filename="robocup-ssl-teams.xml">
			</Var>
			<Var name="Add" type="trigger">
			</Var>
		</Var>
		<Var name="Blue Team" type="list">
			<Var name="Team" type="stringenum">
				Botnia
				<Var name="0" type="string">
					Botnia
				</Var>
				<Var name="1" type="string">
					Botniayellow
				</Var>
			</Var>
			<Var name="Max Robots" type="int" minval="" maxval="">
				5
			</Var>
		</Var>
		<Var name="Yellow Team" type="list">
			<Var name="Team" type="stringenum">
				Botnia
				<Var name="0" type="string">
					Botnia
				</Var>
				<Var name="1" type="string">
					Botniayellow
				</Var>
			</Var>
			<Var name="Max Robots" type="int" minval="" maxval="">
				5
			</Var>
		</Var>
	</Var>
	<Var name="Publish Geometry" type="list">
		<Var name="Publish" type="trigger">
		</Var>
		<Var name="Auto Publish" type="list">
			<Var name="Enable" type="bool">
				true
			</Var>
			<Var name="Interval (seconds)" type="double" minval="" maxval="">
				3.000000
			</Var>
		</Var>
	</Var>
	<Var name="Camera 0" type="list">
		<Var name="Global" type="list">
			<Var name="LUT 3D" type="external" filename="robocup-ssl-cam-0-lut-yuv.xml">
			</Var>
		</Var>
		<Var name="Image Capture" type="list">
			<Var name="Capture Control" type="list">
				<Var name="start capture" type="trigger">
				</Var>
				<Var name="stop capture" type="trigger">
				</Var>
				<Var name="reset bus" type="trigger">
				</Var>
				<Var name="auto refresh params" type="bool">
					true
				</Var>
				<Var name="re-read params" type="trigger">
				</Var>
				<Var name="Capture Module" type="stringenum">
					DC 1394
					<Var name="0" type="string">
						DC 1394
					</Var>
					<Var name="1" type="string">
						Read from files
					</Var>
					<Var name="2" type="string">
						Generator
					</Var>
				</Var>
			</Var>
			<Var name="DC1394" type="list">
				<Var name="Conversion Settings" type="list">
					<Var name="convert to mode" type="stringenum">
						yuv422_uyvy
						<Var name="0" type="string">
							rgb
						</Var>
						<Var name="1" type="string">
							yuv422_uyvy
						</Var>
					</Var>
					<Var name="de-bayer" type="bool">
						true
					</Var>
					<Var name="de-bayer pattern" type="stringenum">
						rggb
						<Var name="0" type="string">
							rggb
						</Var>
						<Var name="1" type="string">
							gbrg
						</Var>
						<Var name="2" type="string">
							grbg
						</Var>
						<Var name="3" type="string">
							bggr
						</Var>
					</Var>
					<Var name="de-bayer method" type="stringenum">
						nearest
						<Var name="0" type="string">
							nearest
						</Var>
						<Var name="1" type="string">
							simple
						</Var>
						<Var name="2" type="string">
							bilinear
						</Var>
						<Var name="3" type="string">
							hqlinear
						</Var>
						<Var name="4" type="string">
							downsample
						</Var>
						<Var name="5" type="string">
							edgesense
						</Var>
						<Var name="6" type="string">
							vng
						</Var>
						<Var name="7" type="string">
							ahd
						</Var>
					</Var>
					<Var name="de-bayer y16 bits" type="int" minval="" maxval="">
						16
					</Var>
				</Var>
				<Var name="Capture Settings" type="list">
					<Var name="cam idx" type="int" minval="" maxval="">
						0
					</Var>
					<Var name="framerate" type="int" minval="" maxval="">
						60
					</Var>
					<Var name="width" type="int" minval="" maxval="">
						780
					</Var>
					<Var name="height" type="int" minval="" maxval="">
						580
					</Var>
					<Var name="left" type="int" minval="" maxval="">
						0
					</Var>
					<Var name="top" type="int" minval="" maxval="">
						0
					</Var>
					<Var name="capture mode" type="stringenum">
						yuv422_uyvy
						<Var name="0" type="string">
							rgb
						</Var>
						<Var name="1" type="string">
							rgb16
						</Var>
						<Var name="2" type="string">
							raw8
						</Var>
						<Var name="3" type="string">
							raw16
						</Var>
						<Var name="4" type="string">
							mono8
						</Var>
						<Var name="5" type="string">
							mono16
						</Var>
						<Var name="6" type="string">
							yuv411
						</Var>
						<Var name="7" type="string">
							yuv422_uyvy
						</Var>
						<Var name="8" type="string">
							yuv444
						</Var>
					</Var>
					<Var name="capture format" type="stringenum">
						auto
						<Var name="0" type="string">
							auto
						</Var>
						<Var name="1" type="string">
							native
						</Var>
						<Var name="2" type="string">
							format7_0
						</Var>
						<Var name="3" type="string">
							format7_1
						</Var>
						<Var name="4" type="string">
							format7_2
						</Var>
						<Var name="5" type="string">
							format7_3
						</Var>
						<Var name="6" type="string">
							format7_4
						</Var>
						<Var name="7" type="string">
							format7_5
						</Var>
						<Var name="8" type="string">
							format7_6
						</Var>
						<Var name="9" type="string">
							format7_7
						</Var>
					</Var>
					<Var name="use 1394B" type="bool">
						true
					</Var>
					<Var name="use ISO800" type="bool">
						true
					</Var>
					<Var name="ringbuffer size" type="int" minval="" maxval="">
						4
					</Var>
				</Var>
				<Var name="Camera Parameters" type="list">
					<Var name="brightness" type="list">
						<Var name="enabled" type="bool">
							true
						</Var>
						<Var name="auto" type="bool">
							false
						</Var>
						<Var name="one-push" type="trigger">
						</Var>
						<Var name="value" type="int" minval="0" maxval="1023">
							0
						</Var>
						<Var name="use absolute" type="bool">
							false
						</Var>
						<Var name="absolute value" type="double" minval="" maxval="">
							0.000000
						</Var>
						<Var name="was_read" type="bool">
							true
						</Var>
					</Var>
					<Var name="exposure" type="list">
						<Var name="enabled" type="bool">
							true
						</Var>
						<Var name="auto" type="bool">
							false
						</Var>
						<Var name="one-push" type="trigger">
						</Var>
						<Var name="value" type="int" minval="50" maxval="205">
							50
						</Var>
						<Var name="use absolute" type="bool">
							false
						</Var>
						<Var name="absolute value" type="double" minval="" maxval="">
							0.000000
						</Var>
						<Var name="was_read" type="bool">
							true
						</Var>
					</Var>
					<Var name="sharpness" type="list">
						<Var name="enabled" type="bool">
							true
						</Var>
						<Var name="auto" type="bool">
							false
						</Var>
						<Var name="one-push" type="trigger">
						</Var>
						<Var name="value" type="int" minval="0" maxval="4">
							2
						</Var>
						<Var name="use absolute" type="bool">
							false
						</Var>
						<Var name="absolute value" type="double" minval="" maxval="">
							0.000000
						</Var>
						<Var name="was_read" type="bool">
							true
						</Var>
					</Var>
					<Var name="white balance" type="list">
						<Var name="enabled" type="bool">
							true
						</Var>
						<Var name="auto" type="bool">
							false
						</Var>
						<Var name="one-push" type="trigger">
						</Var>
						<Var name="value U" type="int" minval="0" maxval="568">
							441
						</Var>
						<Var name="value V" type="int" minval="" maxval="">
							540
						</Var>
						<Var name="use absolute" type="bool">
							false
						</Var>
						<Var name="absolute value" type="double" minval="" maxval="">
							0.000000
						</Var>
						<Var name="was_read" type="bool">
							true
						</Var>
					</Var>
					<Var name="hue" type="list">
						<Var name="enabled" type="bool">
							false
						</Var>
						<Var name="auto" type="bool">
							false
						</Var>
						<Var name="one-push" type="trigger">
						</Var>
						<Var name="value" type="int" minval="0" maxval="256">
							128
						</Var>
						<Var name="use absolute" type="bool">
							false
						</Var>
						<Var name="absolute value" type="double" minval="" maxval="">
							0.000000
						</Var>
						<Var name="was_read" type="bool">
							true
						</Var>
					</Var>
					<Var name="saturation" type="list">
						<Var name="enabled" type="bool">
							false
						</Var>
						<Var name="auto" type="bool">
							false
						</Var>
						<Var name="one-push" type="trigger">
						</Var>
						<Var name="value" type="int" minval="0" maxval="511">
							256
						</Var>
						<Var name="use absolute" type="bool">
							false
						</Var>
						<Var name="absolute value" type="double" minval="" maxval="">
							0.000000
						</Var>
						<Var name="was_read" type="bool">
							true
						</Var>
					</Var>
					<Var name="gamma" type="list">
						<Var name="enabled" type="bool">
							false
						</Var>
						<Var name="auto" type="bool">
							false
						</Var>
						<Var name="one-push" type="trigger">
						</Var>
						<Var name="value" type="int" minval="0" maxval="1">
							0
						</Var>
						<Var name="use absolute" type="bool">
							false
						</Var>
						<Var name="absolute value" type="double" minval="" maxval="">
							0.000000
						</Var>
						<Var name="was_read" type="bool">
							true
						</Var>
					</Var>
					<Var name="shutter" type="list">
						<Var name="enabled" type="bool">
							true
						</Var>
						<Var name="auto" type="bool">
							false
						</Var>
						<Var name="one-push" type="trigger">
						</Var>
						<Var name="value" type="int" minval="1" maxval="4095">
							500
						</Var>
						<Var name="use absolute" type="bool">
							false
						</Var>
						<Var name="absolute value" type="double" minval="" maxval="">
							0.000000
						</Var>
						<Var name="was_read" type="bool">
							true
						</Var>
					</Var>
					<Var name="gain" type="list">
						<Var name="enabled" type="bool">
							true
						</Var>
						<Var name="auto" type="bool">
							false
						</Var>
						<Var name="one-push" type="trigger">
						</Var>
						<Var name="value" type="int" minval="0" maxval="680">
							0
						</Var>
						<Var name="use absolute" type="bool">
							false
						</Var>
						<Var name="absolute value" type="double" minval="0.000000" maxval="23.868000">
							0.000000
						</Var>
						<Var name="was_read" type="bool">
							true
						</Var>
					</Var>
					<Var name="iris" type="list">
						<Var name="enabled" type="bool">
							false
						</Var>
						<Var name="auto" type="bool">
							false
						</Var>
						<Var name="one-push" type="trigger">
						</Var>
						<Var name="value" type="int" minval="" maxval="">
							0
						</Var>
						<Var name="use absolute" type="bool">
							false
						</Var>
						<Var name="absolute value" type="double" minval="" maxval="">
							0.000000
						</Var>
						<Var name="was_read" type="bool">
							false
						</Var>
					</Var>
					<Var name="focus" type="list">
						<Var name="enabled" type="bool">
							false
						</Var>
						<Var name="auto" type="bool">
							false
						</Var>
						<Var name="one-push" type="trigger">
						</Var>
						<Var name="value" type="int" minval="" maxval="">
							0
						</Var>
						<Var name="use absolute" type="bool">
							false
						</Var>
						<Var name="absolute value" type="double" minval="" maxval="">
							0.000000
						</Var>
						<Var name="was_read" type="bool">
							false
						</Var>
					</Var>
					<Var name="temperature" type="list">
						<Var name="enabled" type="bool">
							false
						</Var>
						<Var name="auto" type="bool">
							false
						</Var>
						<Var name="one-push" type="trigger">
						</Var>
						<Var name="value" type="int" minval="" maxval="">
							0
						</Var>
						<Var name="use absolute" type="bool">
							false
						</Var>
						<Var name="absolute value" type="double" minval="" maxval="">
							0.000000
						</Var>
						<Var name="was_read" type="bool">
							true
						</Var>
					</Var>
					<Var name="trigger" type="list">
						<Var name="enabled" type="bool">
							false
						</Var>
						<Var name="auto" type="bool">
							false
						</Var>
						<Var name="one-push" type="trigger">
						</Var>
						<Var name="value" type="int" minval="" maxval="">
							0
						</Var>
						<Var name="use absolute" type="bool">
							false
						</Var>
						<Var name="absolute value" type="double" minval="" maxval="">
							0.000000
						</Var>
						<Var name="was_read" type="bool">
							true
						</Var>
					</Var>
					<Var name="trigger delay" type="list">
						<Var name="enabled" type="bool">
							false
						</Var>
						<Var name="auto" type="bool">
							false
						</Var>
						<Var name="one-push" type="trigger">
						</Var>
						<Var name="value" type="int" minval="0" maxval="4095">
							0
						</Var>
						<Var name="use absolute" type="bool">
							false
						</Var>
						<Var name="absolute value" type="double" minval="0.000001" maxval="2.097152">
							0.000001
						</Var>
						<Var name="was_read" type="bool">
							true
						</Var>
					</Var>
					<Var name="white shading" type="list">
						<Var name="enabled" type="bool">
							false
						</Var>
						<Var name="auto" type="bool">
							false
						</Var>
						<Var name="one-push" type="trigger">
						</Var>
						<Var name="value R" type="int" minval="" maxval="">
							0
						</Var>
						<Var name="value G" type="int" minval="" maxval="">
							0
						</Var>
						<Var name="value B" type="int" minval="" maxval="">
							0
						</Var>
						<Var name="use absolute" type="bool">
							false
						</Var>
						<Var name="absolute value" type="double" minval="" maxval="">
							0.000000
						</Var>
						<Var name="was_read" type="bool">
							false
						</Var>
					</Var>
					<Var name="frame rate" type="list">
						<Var name="enabled" type="bool">
							false
						</Var>
						<Var name="auto" type="bool">
							false
						</Var>
						<Var name="one-push" type="trigger">
						</Var>
						<Var name="value" type="int" minval="" maxval="">
							0
						</Var>
						<Var name="use absolute" type="bool">
							false
						</Var>
						<Var name="absolute value" type="double" minval="" maxval="">
							0.000000
						</Var>
						<Var name="was_read" type="bool">
							false
						</Var>
					</Var>
				</Var>
			</Var>
			<Var name="Read from files" type="list">
				<Var name="Conversion Settings" type="list">
					<Var name="convert to mode" type="stringenum">
						yuv422_uyvy
						<Var name="0" type="string">
							rgb
						</Var>
						<Var name="1" type="string">
							yuv422_uyvy
						</Var>
					</Var>
				</Var>
				<Var name="Capture Settings" type="list">
					<Var name="directory" type="string">
					</Var>
				</Var>
			</Var>
			<Var name="Generator" type="list">
				<Var name="Conversion Settings" type="list">
					<Var name="convert to mode" type="stringenum">
						yuv422_uyvy
						<Var name="0" type="string">
							rgb
						</Var>
						<Var name="1" type="string">
							yuv422_uyvy
						</Var>
					</Var>
				</Var>
				<Var name="Capture Settings" type="list">
					<Var name="Framerate (FPS)" type="double" minval="" maxval="">
						60.000000
					</Var>
					<Var name="Width (pixels)" type="int" minval="" maxval="">
						780
					</Var>
					<Var name="Height (pixels)" type="int" minval="" maxval="">
						580
					</Var>
					<Var name="Generate Color Test Image" type="bool">
						false
					</Var>
				</Var>
			</Var>
		</Var>
		<Var name="DVR Settings" type="list">
			<Var name="Max Frames" type="int" minval="0" maxval="">
				250
			</Var>
			<Var name="Shift Video On Exceeding" type="bool">
				true
			</Var>
		</Var>
		<Var name="YUV Calibrator" type="list">
		</Var>
		<Var name="Camera Calibrator" type="list">
			<Var name="Camera Parameters" type="list">
				<Var name="focal length" type="double" minval="" maxval="">
					544.781735
				</Var>
				<Var name="principal point x" type="double" minval="" maxval="">
					390.000000
				</Var>
				<Var name="principal point y" type="double" minval="" maxval="">
					290.000000
				</Var>
				<Var name="distortion" type="double" minval="-0.500000" maxval="0.500000">
					0.000000
				</Var>
				<Var name="q0" type="double" minval="" maxval="">
					0.700062
				</Var>
				<Var name="q1" type="double" minval="" maxval="">
					0.712197
				</Var>
				<Var name="q2" type="double" minval="" maxval="">
					0.035537
				</Var>
				<Var name="q3" type="double" minval="" maxval="">
					-0.037758
				</Var>
				<Var name="tx" type="double" minval="" maxval="">
					-80.464077
				</Var>
				<Var name="ty" type="double" minval="" maxval="">
					1608.482662
				</Var>
				<Var name="tz" type="double" minval="0.000000" maxval="5000.000000">
					3500.000000
				</Var>
			</Var>
			<Var name="Field Half Configuration" type="list">
				<Var name="Auto-Copy from Global Field Config" type="bool">
					true
				</Var>
				<Var name="Camera Position" type="stringenum">
					Half (Negative X)
					<Var name="0" type="string">
						Half (Negative X)
					</Var>
					<Var name="1" type="string">
						Half (Positive X)
					</Var>
				</Var>
				<Var name="left corner x" type="int" minval="" maxval="">
					-3025
				</Var>
				<Var name="left corner y" type="int" minval="" maxval="">
					-2025
				</Var>
				<Var name="left goal area x" type="int" minval="" maxval="">
					-3025
				</Var>
				<Var name="left goal area y" type="int" minval="" maxval="">
					-675
				</Var>
				<Var name="left post area x" type="int" minval="" maxval="">
					-3025
				</Var>
				<Var name="left post area y" type="int" minval="" maxval="">
					-350
				</Var>
				<Var name="right post area x" type="int" minval="" maxval="">
					-3025
				</Var>
				<Var name="right post area y" type="int" minval="" maxval="">
					350
				</Var>
				<Var name="right goal area x" type="int" minval="" maxval="">
					-3025
				</Var>
				<Var name="right goal area y" type="int" minval="" maxval="">
					675
				</Var>
				<Var name="right corner x" type="int" minval="" maxval="">
					-3025
				</Var>
				<Var name="right corner y" type="int" minval="" maxval="">
					2025
				</Var>
				<Var name="left centerline x" type="int" minval="" maxval="">
					0
				</Var>
				<Var name="left centerline y" type="int" minval="" maxval="">
					-2025
				</Var>
				<Var name="left centercircle x" type="int" minval="" maxval="">
					0
				</Var>
				<Var name="left centercircle y" type="int" minval="" maxval="">
					-500
				</Var>
				<Var name="centercircle x" type="int" minval="" maxval="">
					0
				</Var>
				<Var name="centercircle y" type="int" minval="" maxval="">
					0
				</Var>
				<Var name="right centercircle x" type="int" minval="" maxval="">
					0
				</Var>
				<Var name="right centercircle y" type="int" minval="" maxval="">
					500
				</Var>
				<Var name="right centerline x" type="int" minval="" maxval="">
					0
				</Var>
				<Var name="right centerline y" type="int" minval="" maxval="">
					2025
				</Var>
			</Var>
			<Var name="Calibration Parameters" type="list">
				<Var name="left corner in image x" type="double" minval="" maxval="">
					38.000000
				</Var>
				<Var name="left corner in image y" type="double" minval="" maxval="">
					45.000000
				</Var>
				<Var name="right corner in image x" type="double" minval="" maxval="">
					731.000000
				</Var>
				<Var name="right corner in image y" type="double" minval="" maxval="">
					58.000000
				</Var>
				<Var name="left centerline in image x" type="double" minval="" maxval="">
					63.000000
				</Var>
				<Var name="left centerline in image y" type="double" minval="" maxval="">
					533.000000
				</Var>
				<Var name="right centerline in image x" type="double" minval="" maxval="">
					695.000000
				</Var>
				<Var name="right centerline in image y" type="double" minval="" maxval="">
					546.000000
				</Var>
				<Var name="initial distortion" type="double" minval="" maxval="">
					1.000000
				</Var>
				<Var name="camera height" type="double" minval="" maxval="">
					4000.000000
				</Var>
				<Var name="line search corridor width" type="double" minval="" maxval="">
					50.000000
				</Var>
				<Var name="convergence timeout (s)" type="double" minval="" maxval="">
					10.000000
				</Var>
				<Var name="Cov corner measurement x" type="double" minval="" maxval="">
					1.000000
				</Var>
				<Var name="Cov corner measurement y" type="double" minval="" maxval="">
					1.000000
				</Var>
				<Var name="Cov line segment measurement x" type="double" minval="" maxval="">
					1.000000
				</Var>
				<Var name="Cov line segment measurement y" type="double" minval="" maxval="">
					1.000000
				</Var>
			</Var>
		</Var>
		<Var name="Blob Finding" type="list">
			<Var name="min_blob_area" type="int" minval="" maxval="">
				5
			</Var>
			<Var name="enable" type="bool">
				true
			</Var>
		</Var>
		<Var name="Robot Detection" type="list">
		</Var>
		<Var name="Visualization" type="list">
			<Var name="enable" type="bool">
				true
			</Var>
			<Var name="image" type="bool">
				true
			</Var>
			<Var name="greyscale" type="bool">
				true
			</Var>
			<Var name="thresholded" type="bool">
				true
			</Var>
			<Var name="blobs" type="bool">
				false
			</Var>
			<Var name="camera calibration" type="bool">
				false
			</Var>
			<Var name="calibration result" type="bool">
				false
			</Var>
			<Var name="detected edges" type="bool">
				false
			</Var>
			<Var name="complete edge detection" type="bool">
				false
			</Var>
		</Var>
	</Var>
	<Var name="Camera 1" type="list">
		<Var name="Global" type="list">
			<Var name="LUT 3D" type="external" filename="robocup-ssl-cam-1-lut-yuv.xml">
			</Var>
		</Var>
		<Var name="Image Capture" type="list">
			<Var name="Capture Control" type="list">
				<Var name="start capture" type="trigger">
				</Var>
				<Var name="stop capture" type="trigger">
				</Var>
				<Var name="reset bus" type="trigger">
				</Var>
				<Var name="auto refresh params" type="bool">
					true
				</Var>
				<Var name="re-read params" type="trigger">
				</Var>
				<Var name="Capture Module" type="stringenum">
					DC 1394
					<Var name="0" type="string">
						DC 1394
					</Var>
					<Var name="1" type="string">
						Read from files
					</Var>
					<Var name="2" type="string">
						Generator
					</Var>
				</Var>
			</Var>
			<Var name="DC1394" type="list">
				<Var name="Conversion Settings" type="list">
					<Var name="convert to mode" type="stringenum">
						yuv422_uyvy
						<Var name="0" type="string">
							rgb
						</Var>
						<Var name="1" type="string">
							yuv422_uyvy
						</Var>
					</Var>
					<Var name="de-bayer" type="bool">
						true
					</Var>
					<Var name="de-bayer pattern" type="stringenum">
						rggb
						<Var name="0" type="string">
							rggb
						</Var>
						<Var name="1" type="string">
							gbrg
						</Var>
						<Var name="2" type="string">
							grbg
						</Var>
						<Var name="3" type="string">
							bggr
						</Var>
					</Var>
					<Var name="de-bayer method" type="stringenum">
						nearest
						<Var name="0" type="string">
							nearest
						</Var>
						<Var name="1" type="string">
							simple
						</Var>
						<Var name="2" type="string">
							bilinear
						</Var>
						<Var name="3" type="string">
							hqlinear
						</Var>
						<Var name="4" type="string">
							downsample
						</Var>
						<Var name="5" type="string">
							edgesense
						</Var>
						<Var name="6" type="string">
							vng
						</Var>
						<Var name="7" type="string">
							ahd
						</Var>
					</Var>
					<Var name="de-bayer y16 bits" type="int" minval="" maxval="">
						16
					</Var>
				</Var>
				<Var name="Capture Settings" type="list">
					<Var name="cam idx" type="int" minval="" maxval="">
						1
					</Var>
					<Var name="framerate" type="int" minval="" maxval="">
						60
					</Var>
					<Var name="width" type="int" minval="" maxval="">
						780
					</Var>
					<Var name="height" type="int" minval="" maxval="">
						580
					</Var>
					<Var name="left" type="int" minval="" maxval="">
						0
					</Var>
					<Var name="top" type="int" minval="" maxval="">
						0
					</Var>
					<Var name="capture mode" type="stringenum">
						yuv422_uyvy
						<Var name="0" type="string">
							rgb
						</Var>
						<Var name="1" type="string">
							rgb16
						</Var>
						<Var name="2" type="string">
							raw8
						</Var>
						<Var name="3" type="string">
							raw16
						</Var>
						<Var name="4" type="string">
							mono8
						</Var>
						<Var name="5" type="string">
							mono16
						</Var>
						<Var name="6" type="string">
							yuv411
						</Var>
						<Var name="7" type="string">
							yuv422_uyvy
						</Var>
						<Var name="8" type="string">
							yuv444
						</Var>
					</Var>
					<Var name="capture format" type="stringenum">
						auto
						<Var name="0" type="string">
							auto
						</Var>
						<Var name="1" type="string">
							native
						</Var>
						<Var name="2" type="string">
							format7_0
						</Var>
						<Var name="3" type="string">
							format7_1
						</Var>
						<Var name="4" type="string">
							format7_2
						</Var>
						<Var name="5" type="string">
							format7_3
						</Var>
						<Var name="6" type="string">
							format7_4
						</Var>
						<Var name="7" type="string">
							format7_5
						</Var>
						<Var name="8" type="string">
							format7_6
						</Var>
						<Var name="9" type="string">
							format7_7
						</Var>
					</Var>
					<Var name="use 1394B" type="bool">
						true
					</Var>
					<Var name="use ISO800" type="bool">
						true
					</Var>
					<Var name="ringbuffer size" type="int" minval="" maxval="">
						4
					</Var>
				</Var>
				<Var name="Camera Parameters" type="list">
					<Var name="brightness" type="list">
						<Var name="enabled" type="bool">
							true
						</Var>
						<Var name="auto" type="bool">
							false
						</Var>
						<Var name="one-push" type="trigger">
						</Var>
						<Var name="value" type="int" minval="0" maxval="1023">
							0
						</Var>
						<Var name="use absolute" type="bool">
							false
						</Var>
						<Var name="absolute value" type="double" minval="" maxval="">
							0.000000
						</Var>
						<Var name="was_read" type="bool">
							true
						</Var>
					</Var>
					<Var name="exposure" type="list">
						<Var name="enabled" type="bool">
							true
						</Var>
						<Var name="auto" type="bool">
							false
						</Var>
						<Var name="one-push" type="trigger">
						</Var>
						<Var name="value" type="int" minval="50" maxval="205">
							50
						</Var>
						<Var name="use absolute" type="bool">
							false
						</Var>
						<Var name="absolute value" type="double" minval="" maxval="">
							0.000000
						</Var>
						<Var name="was_read" type="bool">
							true
						</Var>
					</Var>
					<Var name="sharpness" type="list">
						<Var name="enabled" type="bool">
							true
						</Var>
						<Var name="auto" type="bool">
							false
						</Var>
						<Var name="one-push" type="trigger">
						</Var>
						<Var name="value" type="int" minval="0" maxval="4">
							2
						</Var>
						<Var name="use absolute" type="bool">
							false
						</Var>
						<Var name="absolute value" type="double" minval="" maxval="">
							0.000000
						</Var>
						<Var name="was_read" type="bool">
							true
						</Var>
					</Var>
					<Var name="white balance" type="list">
						<Var name="enabled" type="bool">
							true
						</Var>
						<Var name="auto" type="bool">
							false
						</Var>
						<Var name="one-push" type="trigger">
						</Var>
						<Var name="value U" type="int" minval="0" maxval="568">
							441
						</Var>
						<Var name="value V" type="int" minval="" maxval="">
							541
						</Var>
						<Var name="use absolute" type="bool">
							false
						</Var>
						<Var name="absolute value" type="double" minval="" maxval="">
							0.000000
						</Var>
						<Var name="was_read" type="bool">
							true
						</Var>
					</Var>
					<Var name="hue" type="list">
						<Var name="enabled" type="bool">
							true
						</Var>
						<Var name="auto" type="bool">
							false
						</Var>
						<Var name="one-push" type="trigger">
						</Var>
						<Var name="value" type="int" minval="0" maxval="256">
							186
						</Var>
						<Var name="use absolute" type="bool">
							false
						</Var>
						<Var name="absolute value" type="double" minval="" maxval="">
							0.000000
						</Var>
						<Var name="was_read" type="bool">
							true
						</Var>
					</Var>
					<Var name="saturation" type="list">
						<Var name="enabled" type="bool">
							false
						</Var>
						<Var name="auto" type="bool">
							false
						</Var>
						<Var name="one-push" type="trigger">
						</Var>
						<Var name="value" type="int" minval="0" maxval="511">
							256
						</Var>
						<Var name="use absolute" type="bool">
							false
						</Var>
						<Var name="absolute value" type="double" minval="" maxval="">
							0.000000
						</Var>
						<Var name="was_read" type="bool">
							true
						</Var>
					</Var>
					<Var name="gamma" type="list">
						<Var name="enabled" type="bool">
							false
						</Var>
						<Var name="auto" type="bool">
							false
						</Var>
						<Var name="one-push" type="trigger">
						</Var>
						<Var name="value" type="int" minval="0" maxval="1">
							0
						</Var>
						<Var name="use absolute" type="bool">
							false
						</Var>
						<Var name="absolute value" type="double" minval="" maxval="">
							0.000000
						</Var>
						<Var name="was_read" type="bool">
							true
						</Var>
					</Var>
					<Var name="shutter" type="list">
						<Var name="enabled" type="bool">
							true
						</Var>
						<Var name="auto" type="bool">
							false
						</Var>
						<Var name="one-push" type="trigger">
						</Var>
						<Var name="value" type="int" minval="1" maxval="4095">
							500
						</Var>
						<Var name="use absolute" type="bool">
							false
						</Var>
						<Var name="absolute value" type="double" minval="" maxval="">
							0.000000
						</Var>
						<Var name="was_read" type="bool">
							true
						</Var>
					</Var>
					<Var name="gain" type="list">
						<Var name="enabled" type="bool">
							true
						</Var>
						<Var name="auto" type="bool">
							false
						</Var>
						<Var name="one-push" type="trigger">
						</Var>
						<Var name="value" type="int" minval="0" maxval="680">
							0
						</Var>
						<Var name="use absolute" type="bool">
							false
						</Var>
						<Var name="absolute value" type="double" minval="0.000000" maxval="23.868000">
							0.000000
						</Var>
						<Var name="was_read" type="bool">
							true
						</Var>
					</Var>
					<Var name="iris" type="list">
						<Var name="enabled" type="bool">
							false
						</Var>
						<Var name="auto" type="bool">
							false
						</Var>
						<Var name="one-push" type="trigger">
						</Var>
						<Var name="value" type="int" minval="" maxval="">
							0
						</Var>
						<Var name="use absolute" type="bool">
							false
						</Var>
						<Var name="absolute value" type="double" minval="" maxval="">
							0.000000
						</Var>
						<Var name="was_read" type="bool">
							false
						</Var>
					</Var>
					<Var name="focus" type="list">
						<Var name="enabled" type="bool">
							false
						</Var>
						<Var name="auto" type="bool">
							false
						</Var>
						<Var name="one-push" type="trigger">
						</Var>
						<Var name="value" type="int" minval="" maxval="">
							0
						</Var>
						<Var name="use absolute" type="bool">
							false
						</Var>
						<Var name="absolute value" type="double" minval="" maxval="">
							0.000000
						</Var>
						<Var name="was_read" type="bool">
							false
						</Var>
					</Var>
					<Var name="temperature" type="list">
						<Var name="enabled" type="bool">
							false
						</Var>
						<Var name="auto" type="bool">
							false
						</Var>
						<Var name="one-push" type="trigger">
						</Var>
						<Var name="value" type="int" minval="" maxval="">
							0
						</Var>
						<Var name="use absolute" type="bool">
							false
						</Var>
						<Var name="absolute value" type="double" minval="" maxval="">
							0.000000
						</Var>
						<Var name="was_read" type="bool">
							true
						</Var>
					</Var>
					<Var name="trigger" type="list">
						<Var name="enabled" type="bool">
							false
						</Var>
						<Var name="auto" type="bool">
							false
						</Var>
						<Var name="one-push" type="trigger">
						</Var>
						<Var name="value" type="int" minval="" maxval="">
							0
						</Var>
						<Var name="use absolute" type="bool">
							false
						</Var>
						<Var name="absolute value" type="double" minval="" maxval="">
							0.000000
						</Var>
						<Var name="was_read" type="bool">
							true
						</Var>
					</Var>
					<Var name="trigger delay" type="list">
						<Var name="enabled" type="bool">
							false
						</Var>
						<Var name="auto" type="bool">
							false
						</Var>
						<Var name="one-push" type="trigger">
						</Var>
						<Var name="value" type="int" minval="0" maxval="4095">
							0
						</Var>
						<Var name="use absolute" type="bool">
							false
						</Var>
						<Var name="absolute value" type="double" minval="0.000001" maxval="2.097152">
							0.000001
						</Var>
						<Var name="was_read" type="bool">
							true
						</Var>
					</Var>
					<Var name="white shading" type="list">
						<Var name="enabled" type="bool">
							false
						</Var>
						<Var name="auto" type="bool">
							false
						</Var>
						<Var name="one-push" type="trigger">
						</Var>
						<Var name="value R" type="int" minval="" maxval="">
							0
						</Var>
						<Var name="value G" type="int" minval="" maxval="">
							0
						</Var>
						<Var name="value B" type="int" minval="" maxval="">
							0
						</Var>
						<Var name="use absolute" type="bool">
							false
						</Var>
						<Var name="absolute value" type="double" minval="" maxval="">
							0.000000
						</Var>
						<Var name="was_read" type="bool">
							false
						</Var>
					</Var>
					<Var name="frame rate" type="list">
						<Var name="enabled" type="bool">
							false
						</Var>
						<Var name="auto" type="bool">
							false
						</Var>
						<Var name="one-push" type="trigger">
						</Var>
						<Var name="value" type="int" minval="" maxval="">
							0
						</Var>
						<Var name="use absolute" type="bool">
							false
						</Var>
						<Var name="absolute value" type="double" minval="" maxval="">
							0.000000
						</Var>
						<Var name="was_read" type="bool">
							false
						</Var>
					</Var>
				</Var>
			</Var>
			<Var name="Read from files" type="list">
				<Var name="Conversion Settings" type="list">
					<Var name="convert to mode" type="stringenum">
						yuv422_uyvy
						<Var name="0" type="string">
							rgb
						</Var>
						<Var name="1" type="string">
							yuv422_uyvy
						</Var>
					</Var>
				</Var>
				<Var name="Capture Settings" type="list">
					<Var name="directory" type="string">
					</Var>
				</Var>
			</Var>
			<Var name="Generator" type="list">
				<Var name="Conversion Settings" type="list">
					<Var name="convert to mode" type="stringenum">
						yuv422_uyvy
						<Var name="0" type="string">
							rgb
						</Var>
						<Var name="1" type="string">
							yuv422_uyvy
						</Var>
					</Var>
				</Var>
				<Var name="Capture Settings" type="list">
					<Var name="Framerate (FPS)" type="double" minval="" maxval="">
						60.000000
					</Var>
					<Var name="Width (pixels)" type="int" minval="" maxval="">
						780
					</Var>
					<Var name="Height (pixels)" type="int" minval="" maxval="">
						580
					</Var>
					<Var name="Generate Color Test Image" type="bool">
						false
					</Var>
				</Var>
			</Var>
		</Var>
		<Var name="DVR Settings" type="list">
			<Var name="Max Frames" type="int" minval="0" maxval="">
				250
			</Var>
			<Var name="Shift Video On Exceeding" type="bool">
				true
			</Var>
		</Var>
		<Var name="YUV Calibrator" type="list">
		</Var>
		<Var name="Camera Calibrator" type="list">
			<Var name="Camera Parameters" type="list">
				<Var name="focal length" type="double" minval="" maxval="">
					568.677367
				</Var>
				<Var name="principal point x" type="double" minval="" maxval="">
					390.000000
				</Var>
				<Var name="principal point y" type="double" minval="" maxval="">
					290.000000
				</Var>
				<Var name="distortion" type="double" minval="-0.500000" maxval="0.500000">
					0.000000
				</Var>
				<Var name="q0" type="double" minval="" maxval="">
					0.707639
				</Var>
				<Var name="q1" type="double" minval="" maxval="">
					0.706545
				</Var>
				<Var name="q2" type="double" minval="" maxval="">
					-0.000981
				</Var>
				<Var name="q3" type="double" minval="" maxval="">
					-0.006363
				</Var>
				<Var name="tx" type="double" minval="" maxval="">
					-57.804739
				</Var>
				<Var name="ty" type="double" minval="" maxval="">
					-1575.355690
				</Var>
				<Var name="tz" type="double" minval="0.000000" maxval="5000.000000">
					3500.000000
				</Var>
			</Var>
			<Var name="Field Half Configuration" type="list">
				<Var name="Auto-Copy from Global Field Config" type="bool">
					true
				</Var>
				<Var name="Camera Position" type="stringenum">
					Half (Positive X)
					<Var name="0" type="string">
						Half (Negative X)
					</Var>
					<Var name="1" type="string">
						Half (Positive X)
					</Var>
				</Var>
				<Var name="left corner x" type="int" minval="" maxval="">
					3025
				</Var>
				<Var name="left corner y" type="int" minval="" maxval="">
					2025
				</Var>
				<Var name="left goal area x" type="int" minval="" maxval="">
					3025
				</Var>
				<Var name="left goal area y" type="int" minval="" maxval="">
					675
				</Var>
				<Var name="left post area x" type="int" minval="" maxval="">
					3025
				</Var>
				<Var name="left post area y" type="int" minval="" maxval="">
					350
				</Var>
				<Var name="right post area x" type="int" minval="" maxval="">
					3025
				</Var>
				<Var name="right post area y" type="int" minval="" maxval="">
					-350
				</Var>
				<Var name="right goal area x" type="int" minval="" maxval="">
					3025
				</Var>
				<Var name="right goal area y" type="int" minval="" maxval="">
					-675
				</Var>
				<Var name="right corner x" type="int" minval="" maxval="">
					3025
				</Var>
				<Var name="right corner y" type="int" minval="" maxval="">
					-2025
				</Var>
				<Var name="left centerline x" type="int" minval="" maxval="">
					0
				</Var>
				<Var name="left centerline y" type="int" minval="" maxval="">
					2025
				</Var>
				<Var name="left centercircle x" type="int" minval="" maxval="">
					0
				</Var>
				<Var name="left centercircle y" type="int" minval="" maxval="">
					500
				</Var>
				<Var name="centercircle x" type="int" minval="" maxval="">
					0
				</Var>
				<Var name="centercircle y" type="int" minval="" maxval="">
					0
				</Var>
				<Var name="right centercircle x" type="int" minval="" maxval="">
					0
				</Var>
				<Var name="right centercircle y" type="int" minval="" maxval="">
					-500
				</Var>
				<Var name="right centerline x" type="int" minval="" maxval="">
					0
				</Var>
				<Var name="right centerline y" type="int" minval="" maxval="">
					-2025
				</Var>
			</Var>
			<Var name="Calibration Parameters" type="list">
				<Var name="left corner in image x" type="double" minval="" maxval="">
					712.000000
				</Var>
				<Var name="left corner in image y" type="double" minval="" maxval="">
					527.000000
				</Var>
				<Var name="right corner in image x" type="double" minval="" maxval="">
					59.000000
				</Var>
				<Var name="right corner in image y" type="double" minval="" maxval="">
					522.000000
				</Var>
				<Var name="left centerline in image x" type="double" minval="" maxval="">
					709.000000
				</Var>
				<Var name="left centerline in image y" type="double" minval="" maxval="">
					33.000000
				</Var>
				<Var name="right centerline in image x" type="double" minval="" maxval="">
					52.000000
				</Var>
				<Var name="right centerline in image y" type="double" minval="" maxval="">
					34.000000
				</Var>
				<Var name="initial distortion" type="double" minval="" maxval="">
					1.000000
				</Var>
				<Var name="camera height" type="double" minval="" maxval="">
					4000.000000
				</Var>
				<Var name="line search corridor width" type="double" minval="" maxval="">
					50.000000
				</Var>
				<Var name="convergence timeout (s)" type="double" minval="" maxval="">
					10.000000
				</Var>
				<Var name="Cov corner measurement x" type="double" minval="" maxval="">
					1.000000
				</Var>
				<Var name="Cov corner measurement y" type="double" minval="" maxval="">
					1.000000
				</Var>
				<Var name="Cov line segment measurement x" type="double" minval="" maxval="">
					1.000000
				</Var>
				<Var name="Cov line segment measurement y" type="double" minval="" maxval="">
					1.000000
				</Var>
			</Var>
		</Var>
		<Var name="Blob Finding" type="list">
			<Var name="min_blob_area" type="int" minval="" maxval="">
				5
			</Var>
			<Var name="enable" type="bool">
				true
			</Var>
		</Var>
		<Var name="Robot Detection" type="list">
		</Var>
		<Var name="Visualization" type="list">
			<Var name="enable" type="bool">
				true
			</Var>
			<Var name="image" type="bool">
				true
			</Var>
			<Var name="greyscale" type="bool">
				true
			</Var>
			<Var name="thresholded" type="bool">
				true
			</Var>
			<Var name="blobs" type="bool">
				false
			</Var>
			<Var name="camera calibration" type="bool">
				false
			</Var>
			<Var name="calibration result" type="bool">
				false
			</Var>
			<Var name="detected edges" type="bool">
				false
			</Var>
			<Var name="complete edge detection" type="bool">
				false
			</Var>
		</Var>
	</Var>
</VarXML>
